Target,Subdomain,IP,ASN,ISP,Organization,Country,Region,City,Latitude,Longuitude,TimeZone,User
bancogalicia.com,comex.bancogalicia.com,161.190.1.180,AS13474 Banco de Galicia y Buenos Aires,Banco de Galicia y Buenos Aires,Banco de Galicia y Buenos Aires S.A,Argentina,Buenos Aires F.D.,Buenos Aires,-34.6022,-58.3845,America/Argentina/Buenos_Aires,user
bancogalicia.com,lyncdiscover.bancogalicia.com,52.112.65.78,AS8075 Microsoft Corporation,Microsoft Corporation,Microsoft Corporation,United States,Virginia,Washington,38.7095,-78.1539,America/New_York,user
bancogalicia.com,sip.bancogalicia.com,52.112.65.75,AS8075 Microsoft Corporation,Microsoft Corporation,Microsoft Corporation,United States,Virginia,Washington,38.7095,-78.1539,America/New_York,user
bancogalicia.com,mail.bancogalicia.com,161.190.1.5,AS13474 Banco de Galicia y Buenos Aires,Banco de Galicia y Buenos Aires,Banco de Galicia y Buenos Aires S.A,Argentina,Buenos Aires F.D.,Buenos Aires,-34.6022,-58.3845,America/Argentina/Buenos_Aires,user
bancogalicia.com,mailing.bancogalicia.com,161.190.1.30,AS13474 Banco de Galicia y Buenos Aires,Banco de Galicia y Buenos Aires,Banco de Galicia y Buenos Aires S.A,Argentina,Buenos Aires F.D.,Buenos Aires,-34.6022,-58.3845,America/Argentina/Buenos_Aires,user
bancogalicia.com,autodiscover.bancogalicia.com,52.97.12.104,AS8075 Microsoft Corporation,Microsoft Corporation,Microsoft Corporation,Brazil,Sao Paulo,Campinas,-22.9035,-47.0565,America/Sao_Paulo,user
bancogalicia.com,news.bancogalicia.com,161.190.1.5,AS13474 Banco de Galicia y Buenos Aires,Banco de Galicia y Buenos Aires,Banco de Galicia y Buenos Aires S.A,Argentina,Buenos Aires F.D.,Buenos Aires,-34.6022,-58.3845,America/Argentina/Buenos_Aires,user
bancogalicia.com,wsec03.bancogalicia.com,161.190.1.13,AS13474 Banco de Galicia y Buenos Aires,Banco de Galicia y Buenos Aires,Banco de Galicia y Buenos Aires S.A,Argentina,Buenos Aires F.D.,Buenos Aires,-34.6022,-58.3845,America/Argentina/Buenos_Aires,user
bancogalicia.com,wsec01.bancogalicia.com,161.190.1.6,AS13474 Banco de Galicia y Buenos Aires,Banco de Galicia y Buenos Aires,Banco de Galicia y Buenos Aires S.A,Argentina,Buenos Aires F.D.,Buenos Aires,-34.6022,-58.3845,America/Argentina/Buenos_Aires,user
bancogalicia.com,relay.bancogalicia.com,161.190.1.5,AS13474 Banco de Galicia y Buenos Aires,Banco de Galicia y Buenos Aires,Banco de Galicia y Buenos Aires S.A,Argentina,Buenos Aires F.D.,Buenos Aires,-34.6022,-58.3845,America/Argentina/Buenos_Aires,user
bancogalicia.com,mi.bancogalicia.com,161.190.1.4,AS13474 Banco de Galicia y Buenos Aires,Banco de Galicia y Buenos Aires,Banco de Galicia y Buenos Aires S.A,Argentina,Buenos Aires F.D.,Buenos Aires,-34.6022,-58.3845,America/Argentina/Buenos_Aires,user
bancogalicia.com,visor.bancogalicia.com,161.190.1.49,AS13474 Banco de Galicia y Buenos Aires,Banco de Galicia y Buenos Aires,Banco de Galicia y Buenos Aires S.A,Argentina,Buenos Aires F.D.,Buenos Aires,-34.6022,-58.3845,America/Argentina/Buenos_Aires,user
bancogalicia.com,wsec06.bancogalicia.com,Null,Null,Null,Null,Null,Null,Null,Null,Null,Null,user
bancogalicia.com,gomobile.bancogalicia.com,161.190.1.29,AS13474 Banco de Galicia y Buenos Aires,Banco de Galicia y Buenos Aires,Banco de Galicia y Buenos Aires S.A,Argentina,Buenos Aires F.D.,Buenos Aires,-34.6022,-58.3845,America/Argentina/Buenos_Aires,user
bancogalicia.com,inet.bancogalicia.com,Null,Null,Null,Null,Null,Null,Null,Null,Null,Null,user
bancogalicia.com,www.bancogalicia.com,161.190.1.4,AS13474 Banco de Galicia y Buenos Aires,Banco de Galicia y Buenos Aires,Banco de Galicia y Buenos Aires S.A,Argentina,Buenos Aires F.D.,Buenos Aires,-34.6022,-58.3845,America/Argentina/Buenos_Aires,user
bancogalicia.com,galmov.bancogalicia.com,161.190.1.10,AS13474 Banco de Galicia y Buenos Aires,Banco de Galicia y Buenos Aires,Banco de Galicia y Buenos Aires S.A,Argentina,Buenos Aires F.D.,Buenos Aires,-34.6022,-58.3845,America/Argentina/Buenos_Aires,user
bancogalicia.com.ar,sacatutarjeta.bancogalicia.com.ar,161.190.1.67,AS13474 Banco de Galicia y Buenos Aires,Banco de Galicia y Buenos Aires,Banco de Galicia y Buenos Aires S.A,Argentina,Buenos Aires F.D.,Buenos Aires,-34.6022,-58.3845,America/Argentina/Buenos_Aires,user
bancogalicia.com.ar,pgaxpresse01.bancogalicia.com.ar,161.190.1.179,AS13474 Banco de Galicia y Buenos Aires,Banco de Galicia y Buenos Aires,Banco de Galicia y Buenos Aires S.A,Argentina,Buenos Aires F.D.,Buenos Aires,-34.6022,-58.3845,America/Argentina/Buenos_Aires,user
bancogalicia.com.ar,release.bancogalicia.com.ar,161.190.1.93,AS13474 Banco de Galicia y Buenos Aires,Banco de Galicia y Buenos Aires,Banco de Galicia y Buenos Aires S.A,Argentina,Buenos Aires F.D.,Buenos Aires,-34.6022,-58.3845,America/Argentina/Buenos_Aires,user
bancogalicia.com.ar,misapps.bancogalicia.com.ar,161.190.1.210,AS13474 Banco de Galicia y Buenos Aires,Banco de Galicia y Buenos Aires,Banco de Galicia y Buenos Aires S.A,Argentina,Buenos Aires F.D.,Buenos Aires,-34.6022,-58.3845,America/Argentina/Buenos_Aires,user
bancogalicia.com.ar,pocbyod.bancogalicia.com.ar,161.190.1.183,AS13474 Banco de Galicia y Buenos Aires,Banco de Galicia y Buenos Aires,Banco de Galicia y Buenos Aires S.A,Argentina,Buenos Aires F.D.,Buenos Aires,-34.6022,-58.3845,America/Argentina/Buenos_Aires,user
bancogalicia.com.ar,gestiondeudores.bancogalicia.com.ar,161.190.1.15,AS13474 Banco de Galicia y Buenos Aires,Banco de Galicia y Buenos Aires,Banco de Galicia y Buenos Aires S.A,Argentina,Buenos Aires F.D.,Buenos Aires,-34.6022,-58.3845,America/Argentina/Buenos_Aires,user
bancogalicia.com.ar,mi.bancogalicia.com.ar,161.190.1.87,AS13474 Banco de Galicia y Buenos Aires,Banco de Galicia y Buenos Aires,Banco de Galicia y Buenos Aires S.A,Argentina,Buenos Aires F.D.,Buenos Aires,-34.6022,-58.3845,America/Argentina/Buenos_Aires,user
bancogalicia.com.ar,reply.msj.bancogalicia.com.ar,74.121.50.9,"AS19795 Acoustic, L.P.","Acoustic, L.P.","Acoustic, L.P",United States,Oklahoma,Ardmore,34.1743,-97.1436,America/Chicago,user
bancogalicia.com.ar,mail6731.mkt.bancogalicia.com.ar,208.95.134.72,"AS19795 Acoustic, L.P.","Acoustic, L.P.","Acoustic, L.P",United States,Georgia,Lithia Springs,33.7442,-84.5826,America/New_York,user
bancogalicia.com.ar,cmzxpresse01.bancogalicia.com.ar,161.190.1.178,AS13474 Banco de Galicia y Buenos Aires,Banco de Galicia y Buenos Aires,Banco de Galicia y Buenos Aires S.A,Argentina,Buenos Aires F.D.,Buenos Aires,-34.6022,-58.3845,America/Argentina/Buenos_Aires,user
bancogalicia.com.ar,cheques.bancogalicia.com.ar,161.190.1.97,AS13474 Banco de Galicia y Buenos Aires,Banco de Galicia y Buenos Aires,Banco de Galicia y Buenos Aires S.A,Argentina,Buenos Aires F.D.,Buenos Aires,-34.6022,-58.3845,America/Argentina/Buenos_Aires,user
bancogalicia.com.ar,chatportal.bancogalicia.com.ar,161.190.1.35,AS13474 Banco de Galicia y Buenos Aires,Banco de Galicia y Buenos Aires,Banco de Galicia y Buenos Aires S.A,Argentina,Buenos Aires F.D.,Buenos Aires,-34.6022,-58.3845,America/Argentina/Buenos_Aires,user
bancogalicia.com.ar,misarchivos.bancogalicia.com.ar,161.190.1.214,AS13474 Banco de Galicia y Buenos Aires,Banco de Galicia y Buenos Aires,Banco de Galicia y Buenos Aires S.A,Argentina,Buenos Aires F.D.,Buenos Aires,-34.6022,-58.3845,America/Argentina/Buenos_Aires,user
bancogalicia.com.ar,asistentevirtual.bancogalicia.com.ar,161.190.1.81,AS13474 Banco de Galicia y Buenos Aires,Banco de Galicia y Buenos Aires,Banco de Galicia y Buenos Aires S.A,Argentina,Buenos Aires F.D.,Buenos Aires,-34.6022,-58.3845,America/Argentina/Buenos_Aires,user
bancogalicia.com.ar,portalwifi.bancogalicia.com.ar,Null,Null,Null,Null,Null,Null,Null,Null,Null,Null,user
bancogalicia.com.ar,bffempresas.bancogalicia.com.ar,161.190.1.100,AS13474 Banco de Galicia y Buenos Aires,Banco de Galicia y Buenos Aires,Banco de Galicia y Buenos Aires S.A,Argentina,Buenos Aires F.D.,Buenos Aires,-34.6022,-58.3845,America/Argentina/Buenos_Aires,user
bancogalicia.com.ar,links.msj.bancogalicia.com.ar,74.121.50.4,"AS19795 Acoustic, L.P.","Acoustic, L.P.","Acoustic, L.P",United States,Oklahoma,Ardmore,34.1743,-97.1436,America/Chicago,user
bancogalicia.com.ar,mkt.bancogalicia.com.ar,161.190.1.4,AS13474 Banco de Galicia y Buenos Aires,Banco de Galicia y Buenos Aires,Banco de Galicia y Buenos Aires S.A,Argentina,Buenos Aires F.D.,Buenos Aires,-34.6022,-58.3845,America/Argentina/Buenos_Aires,user
bancogalicia.com.ar,autodiscover.bancogalicia.com.ar,52.97.19.152,AS8075 Microsoft Corporation,Microsoft Corporation,Microsoft Corporation,Brazil,Sao Paulo,Campinas,-22.9035,-47.0565,America/Sao_Paulo,user
bancogalicia.com.ar,mailing02.bancogalicia.com.ar,161.190.1.9,AS13474 Banco de Galicia y Buenos Aires,Banco de Galicia y Buenos Aires,Banco de Galicia y Buenos Aires S.A,Argentina,Buenos Aires F.D.,Buenos Aires,-34.6022,-58.3845,America/Argentina/Buenos_Aires,user
bancogalicia.com.ar,wsec05.bancogalicia.com.ar,161.190.1.28,AS13474 Banco de Galicia y Buenos Aires,Banco de Galicia y Buenos Aires,Banco de Galicia y Buenos Aires S.A,Argentina,Buenos Aires F.D.,Buenos Aires,-34.6022,-58.3845,America/Argentina/Buenos_Aires,user
bancogalicia.com.ar,nat-ftpinternet.bancogalicia.com.ar,161.190.1.92,AS13474 Banco de Galicia y Buenos Aires,Banco de Galicia y Buenos Aires,Banco de Galicia y Buenos Aires S.A,Argentina,Buenos Aires F.D.,Buenos Aires,-34.6022,-58.3845,America/Argentina/Buenos_Aires,user
bancogalicia.com.ar,pocmisapps.bancogalicia.com.ar,161.190.1.184,AS13474 Banco de Galicia y Buenos Aires,Banco de Galicia y Buenos Aires,Banco de Galicia y Buenos Aires S.A,Argentina,Buenos Aires F.D.,Buenos Aires,-34.6022,-58.3845,America/Argentina/Buenos_Aires,user
bancogalicia.com.ar,imgbg.bancogalicia.com.ar,161.190.1.69,AS13474 Banco de Galicia y Buenos Aires,Banco de Galicia y Buenos Aires,Banco de Galicia y Buenos Aires S.A,Argentina,Buenos Aires F.D.,Buenos Aires,-34.6022,-58.3845,America/Argentina/Buenos_Aires,user
bancogalicia.com.ar,landing.bancogalicia.com.ar,74.121.50.17,"AS19795 Acoustic, L.P.","Acoustic, L.P.","Acoustic, L.P",United States,Oklahoma,Ardmore,34.1743,-97.1436,America/Chicago,user
bancogalicia.com.ar,comercioexterior.bancogalicia.com.ar,161.190.1.97,AS13474 Banco de Galicia y Buenos Aires,Banco de Galicia y Buenos Aires,Banco de Galicia y Buenos Aires S.A,Argentina,Buenos Aires F.D.,Buenos Aires,-34.6022,-58.3845,America/Argentina/Buenos_Aires,user
bancogalicia.com.ar,localhost.bancogalicia.com.ar,127.0.0.1,Null,Null,Null,Null,Null,Null,Null,Null,Null,user
bancogalicia.com.ar,apiadministradorbeneficios.bancogalicia.com.ar,161.190.1.118,AS13474 Banco de Galicia y Buenos Aires,Banco de Galicia y Buenos Aires,Banco de Galicia y Buenos Aires S.A,Argentina,Buenos Aires F.D.,Buenos Aires,-34.6022,-58.3845,America/Argentina/Buenos_Aires,user
bancogalicia.com.ar,turnero.bancogalicia.com.ar,161.190.20.11,AS13474 Banco de Galicia y Buenos Aires,Banco de Galicia y Buenos Aires,Banco de Galicia y Buenos Aires S.A,Argentina,Buenos Aires F.D.,Buenos Aires,-34.6022,-58.3845,America/Argentina/Buenos_Aires,user
bancogalicia.com.ar,testadfs.bancogalicia.com.ar,161.190.1.83,AS13474 Banco de Galicia y Buenos Aires,Banco de Galicia y Buenos Aires,Banco de Galicia y Buenos Aires S.A,Argentina,Buenos Aires F.D.,Buenos Aires,-34.6022,-58.3845,America/Argentina/Buenos_Aires,user
bancogalicia.com.ar,sip.bancogalicia.com.ar,52.112.64.140,AS8075 Microsoft Corporation,Microsoft Corporation,Microsoft Corporation,United States,Virginia,Washington,38.7095,-78.1539,America/New_York,user
bancogalicia.com.ar,portalauditorio.bancogalicia.com.ar,Null,Null,Null,Null,Null,Null,Null,Null,Null,Null,user
bancogalicia.com.ar,misgastos.bancogalicia.com.ar,161.190.1.113,AS13474 Banco de Galicia y Buenos Aires,Banco de Galicia y Buenos Aires,Banco de Galicia y Buenos Aires S.A,Argentina,Buenos Aires F.D.,Buenos Aires,-34.6022,-58.3845,America/Argentina/Buenos_Aires,user
bancogalicia.com.ar,wsec03.bancogalicia.com.ar,161.190.1.13,AS13474 Banco de Galicia y Buenos Aires,Banco de Galicia y Buenos Aires,Banco de Galicia y Buenos Aires S.A,Argentina,Buenos Aires F.D.,Buenos Aires,-34.6022,-58.3845,America/Argentina/Buenos_Aires,user
bancogalicia.com.ar,officetoken.bancogalicia.com.ar,161.190.1.104,AS13474 Banco de Galicia y Buenos Aires,Banco de Galicia y Buenos Aires,Banco de Galicia y Buenos Aires S.A,Argentina,Buenos Aires F.D.,Buenos Aires,-34.6022,-58.3845,America/Argentina/Buenos_Aires,user
bancogalicia.com.ar,inet.bancogalicia.com.ar,161.190.1.254,AS13474 Banco de Galicia y Buenos Aires,Banco de Galicia y Buenos Aires,Banco de Galicia y Buenos Aires S.A,Argentina,Buenos Aires F.D.,Buenos Aires,-34.6022,-58.3845,America/Argentina/Buenos_Aires,user
bancogalicia.com.ar,links.mkt.bancogalicia.com.ar,74.121.50.4,"AS19795 Acoustic, L.P.","Acoustic, L.P.","Acoustic, L.P",United States,Oklahoma,Ardmore,34.1743,-97.1436,America/Chicago,user
bancogalicia.com.ar,sifo.bancogalicia.com.ar,34.206.65.10,"AS14618 Amazon.com, Inc.","Amazon.com, Inc.",AWS EC2 (us-east-1),United States,Virginia,Ashburn,39.0438,-77.4874,America/New_York,user
bancogalicia.com.ar,news.bancogalicia.com.ar,161.190.1.5,AS13474 Banco de Galicia y Buenos Aires,Banco de Galicia y Buenos Aires,Banco de Galicia y Buenos Aires S.A,Argentina,Buenos Aires F.D.,Buenos Aires,-34.6022,-58.3845,America/Argentina/Buenos_Aires,user
bancogalicia.com.ar,salavirtual.bancogalicia.com.ar,161.190.1.170,AS13474 Banco de Galicia y Buenos Aires,Banco de Galicia y Buenos Aires,Banco de Galicia y Buenos Aires S.A,Argentina,Buenos Aires F.D.,Buenos Aires,-34.6022,-58.3845,America/Argentina/Buenos_Aires,user
bancogalicia.com.ar,reply.mkt.bancogalicia.com.ar,74.121.50.9,"AS19795 Acoustic, L.P.","Acoustic, L.P.","Acoustic, L.P",United States,Oklahoma,Ardmore,34.1743,-97.1436,America/Chicago,user
bancogalicia.com.ar,onlinebanking.bancogalicia.com.ar,161.190.1.97,AS13474 Banco de Galicia y Buenos Aires,Banco de Galicia y Buenos Aires,Banco de Galicia y Buenos Aires S.A,Argentina,Buenos Aires F.D.,Buenos Aires,-34.6022,-58.3845,America/Argentina/Buenos_Aires,user
bancogalicia.com.ar,wsecct01.bancogalicia.com.ar,161.190.1.34,AS13474 Banco de Galicia y Buenos Aires,Banco de Galicia y Buenos Aires,Banco de Galicia y Buenos Aires S.A,Argentina,Buenos Aires F.D.,Buenos Aires,-34.6022,-58.3845,America/Argentina/Buenos_Aires,user
bancogalicia.com.ar,mailing03.bancogalicia.com.ar,161.190.1.76,AS13474 Banco de Galicia y Buenos Aires,Banco de Galicia y Buenos Aires,Banco de Galicia y Buenos Aires S.A,Argentina,Buenos Aires F.D.,Buenos Aires,-34.6022,-58.3845,America/Argentina/Buenos_Aires,user
bancogalicia.com.ar,bots.hgal.bancogalicia.com.ar,161.190.20.7,AS13474 Banco de Galicia y Buenos Aires,Banco de Galicia y Buenos Aires,Banco de Galicia y Buenos Aires S.A,Argentina,Buenos Aires F.D.,Buenos Aires,-34.6022,-58.3845,America/Argentina/Buenos_Aires,user
bancogalicia.com.ar,bounce.mkt2.bancogalicia.com.ar,74.121.50.9,"AS19795 Acoustic, L.P.","Acoustic, L.P.","Acoustic, L.P",United States,Oklahoma,Ardmore,34.1743,-97.1436,America/Chicago,user
bancogalicia.com.ar,transferencias.bancogalicia.com.ar,161.190.1.97,AS13474 Banco de Galicia y Buenos Aires,Banco de Galicia y Buenos Aires,Banco de Galicia y Buenos Aires S.A,Argentina,Buenos Aires F.D.,Buenos Aires,-34.6022,-58.3845,America/Argentina/Buenos_Aires,user
bancogalicia.com.ar,aqprod.bancogalicia.com.ar,161.190.1.111,AS13474 Banco de Galicia y Buenos Aires,Banco de Galicia y Buenos Aires,Banco de Galicia y Buenos Aires S.A,Argentina,Buenos Aires F.D.,Buenos Aires,-34.6022,-58.3845,America/Argentina/Buenos_Aires,user
bancogalicia.com.ar,gdfide.bancogalicia.com.ar,161.190.1.19,AS13474 Banco de Galicia y Buenos Aires,Banco de Galicia y Buenos Aires,Banco de Galicia y Buenos Aires S.A,Argentina,Buenos Aires F.D.,Buenos Aires,-34.6022,-58.3845,America/Argentina/Buenos_Aires,user
bancogalicia.com.ar,inet2.bancogalicia.com.ar,161.190.1.253,AS13474 Banco de Galicia y Buenos Aires,Banco de Galicia y Buenos Aires,Banco de Galicia y Buenos Aires S.A,Argentina,Buenos Aires F.D.,Buenos Aires,-34.6022,-58.3845,America/Argentina/Buenos_Aires,user
bancogalicia.com.ar,mkt2.bancogalicia.com.ar,161.190.1.4,AS13474 Banco de Galicia y Buenos Aires,Banco de Galicia y Buenos Aires,Banco de Galicia y Buenos Aires S.A,Argentina,Buenos Aires F.D.,Buenos Aires,-34.6022,-58.3845,America/Argentina/Buenos_Aires,user
bancogalicia.com.ar,pfems.bancogalicia.com.ar,161.190.5.17,AS13474 Banco de Galicia y Buenos Aires,Banco de Galicia y Buenos Aires,Banco de Galicia y Buenos Aires S.A,Argentina,Buenos Aires F.D.,Buenos Aires,-34.6022,-58.3845,America/Argentina/Buenos_Aires,user
bancogalicia.com.ar,appsbg.bancogalicia.com.ar,161.190.1.82,AS13474 Banco de Galicia y Buenos Aires,Banco de Galicia y Buenos Aires,Banco de Galicia y Buenos Aires S.A,Argentina,Buenos Aires F.D.,Buenos Aires,-34.6022,-58.3845,America/Argentina/Buenos_Aires,user
bancogalicia.com.ar,administradorbeneficios.bancogalicia.com.ar,161.190.1.118,AS13474 Banco de Galicia y Buenos Aires,Banco de Galicia y Buenos Aires,Banco de Galicia y Buenos Aires S.A,Argentina,Buenos Aires F.D.,Buenos Aires,-34.6022,-58.3845,America/Argentina/Buenos_Aires,user
bancogalicia.com.ar,comercios.bancogalicia.com.ar,161.190.20.13,AS13474 Banco de Galicia y Buenos Aires,Banco de Galicia y Buenos Aires,Banco de Galicia y Buenos Aires S.A,Argentina,Buenos Aires F.D.,Buenos Aires,-34.6022,-58.3845,America/Argentina/Buenos_Aires,user
bancogalicia.com.ar,mailing.bancogalicia.com.ar,161.190.1.30,AS13474 Banco de Galicia y Buenos Aires,Banco de Galicia y Buenos Aires,Banco de Galicia y Buenos Aires S.A,Argentina,Buenos Aires F.D.,Buenos Aires,-34.6022,-58.3845,America/Argentina/Buenos_Aires,user
bancogalicia.com.ar,mail7709.mkt2.bancogalicia.com.ar,192.156.219.41,"AS19795 Acoustic, L.P.","Acoustic, L.P.","Acoustic, L.P",United States,New York,New York,40.7446,-73.9865,America/New_York,user
bancogalicia.com.ar,aribap.bancogalicia.com.ar,161.190.1.45,AS13474 Banco de Galicia y Buenos Aires,Banco de Galicia y Buenos Aires,Banco de Galicia y Buenos Aires S.A,Argentina,Buenos Aires F.D.,Buenos Aires,-34.6022,-58.3845,America/Argentina/Buenos_Aires,user
bancogalicia.com.ar,enterpriseenrollment.bancogalicia.com.ar,40.71.14.100,AS8075 Microsoft Corporation,Microsoft Corporation,Microsoft Azure Cloud (eastus),United States,Virginia,Ashburn,39.0438,-77.4874,America/New_York,user
bancogalicia.com.ar,nfusetp.bancogalicia.com.ar,161.190.1.173,AS13474 Banco de Galicia y Buenos Aires,Banco de Galicia y Buenos Aires,Banco de Galicia y Buenos Aires S.A,Argentina,Buenos Aires F.D.,Buenos Aires,-34.6022,-58.3845,America/Argentina/Buenos_Aires,user
bancogalicia.com.ar,visor.bancogalicia.com.ar,161.190.1.49,AS13474 Banco de Galicia y Buenos Aires,Banco de Galicia y Buenos Aires,Banco de Galicia y Buenos Aires S.A,Argentina,Buenos Aires F.D.,Buenos Aires,-34.6022,-58.3845,America/Argentina/Buenos_Aires,user
bancogalicia.com.ar,tarjetas.bancogalicia.com.ar,161.190.1.97,AS13474 Banco de Galicia y Buenos Aires,Banco de Galicia y Buenos Aires,Banco de Galicia y Buenos Aires S.A,Argentina,Buenos Aires F.D.,Buenos Aires,-34.6022,-58.3845,America/Argentina/Buenos_Aires,user
bancogalicia.com.ar,bfff5.bancogalicia.com.ar,161.190.20.8,AS13474 Banco de Galicia y Buenos Aires,Banco de Galicia y Buenos Aires,Banco de Galicia y Buenos Aires S.A,Argentina,Buenos Aires F.D.,Buenos Aires,-34.6022,-58.3845,America/Argentina/Buenos_Aires,user
bancogalicia.com.ar,ofimovil.bancogalicia.com.ar,161.190.1.221,AS13474 Banco de Galicia y Buenos Aires,Banco de Galicia y Buenos Aires,Banco de Galicia y Buenos Aires S.A,Argentina,Buenos Aires F.D.,Buenos Aires,-34.6022,-58.3845,America/Argentina/Buenos_Aires,user
bancogalicia.com.ar,mailing05.bancogalicia.com.ar,161.190.1.79,AS13474 Banco de Galicia y Buenos Aires,Banco de Galicia y Buenos Aires,Banco de Galicia y Buenos Aires S.A,Argentina,Buenos Aires F.D.,Buenos Aires,-34.6022,-58.3845,America/Argentina/Buenos_Aires,user
bancogalicia.com.ar,pocmisarchivos.bancogalicia.com.ar,161.190.1.186,AS13474 Banco de Galicia y Buenos Aires,Banco de Galicia y Buenos Aires,Banco de Galicia y Buenos Aires S.A,Argentina,Buenos Aires F.D.,Buenos Aires,-34.6022,-58.3845,America/Argentina/Buenos_Aires,user
bancogalicia.com.ar,tuempresaonline.bancogalicia.com.ar,161.190.20.15,AS13474 Banco de Galicia y Buenos Aires,Banco de Galicia y Buenos Aires,Banco de Galicia y Buenos Aires S.A,Argentina,Buenos Aires F.D.,Buenos Aires,-34.6022,-58.3845,America/Argentina/Buenos_Aires,user
bancogalicia.com.ar,bgmsoos.bancogalicia.com.ar,161.190.1.207,AS13474 Banco de Galicia y Buenos Aires,Banco de Galicia y Buenos Aires,Banco de Galicia y Buenos Aires S.A,Argentina,Buenos Aires F.D.,Buenos Aires,-34.6022,-58.3845,America/Argentina/Buenos_Aires,user
bancogalicia.com.ar,gomobiletest.bancogalicia.com.ar,161.190.1.66,AS13474 Banco de Galicia y Buenos Aires,Banco de Galicia y Buenos Aires,Banco de Galicia y Buenos Aires S.A,Argentina,Buenos Aires F.D.,Buenos Aires,-34.6022,-58.3845,America/Argentina/Buenos_Aires,user
bancogalicia.com.ar,encuestacalidad.bancogalicia.com.ar,Null,Null,Null,Null,Null,Null,Null,Null,Null,Null,user
bancogalicia.com.ar,galiciawebservicestest.bancogalicia.com.ar,161.190.1.133,AS13474 Banco de Galicia y Buenos Aires,Banco de Galicia y Buenos Aires,Banco de Galicia y Buenos Aires S.A,Argentina,Buenos Aires F.D.,Buenos Aires,-34.6022,-58.3845,America/Argentina/Buenos_Aires,user
bancogalicia.com.ar,mi-oficina.bancogalicia.com.ar,161.190.1.221,AS13474 Banco de Galicia y Buenos Aires,Banco de Galicia y Buenos Aires,Banco de Galicia y Buenos Aires S.A,Argentina,Buenos Aires F.D.,Buenos Aires,-34.6022,-58.3845,America/Argentina/Buenos_Aires,user
bancogalicia.com.ar,mail8449.msj.bancogalicia.com.ar,208.85.55.140,"AS19795 Acoustic, L.P.","Acoustic, L.P.","Acoustic, L.P",United States,Minnesota,Mankato,44.1636,-93.9994,America/Chicago,user
bancogalicia.com.ar,nsbgba.bancogalicia.com.ar,161.190.1.216,AS13474 Banco de Galicia y Buenos Aires,Banco de Galicia y Buenos Aires,Banco de Galicia y Buenos Aires S.A,Argentina,Buenos Aires F.D.,Buenos Aires,-34.6022,-58.3845,America/Argentina/Buenos_Aires,user
bancogalicia.com.ar,relayportales.bancogalicia.com.ar,161.190.1.48,AS13474 Banco de Galicia y Buenos Aires,Banco de Galicia y Buenos Aires,Banco de Galicia y Buenos Aires S.A,Argentina,Buenos Aires F.D.,Buenos Aires,-34.6022,-58.3845,America/Argentina/Buenos_Aires,user
bancogalicia.com.ar,bffa.bancogalicia.com.ar,161.190.1.108,AS13474 Banco de Galicia y Buenos Aires,Banco de Galicia y Buenos Aires,Banco de Galicia y Buenos Aires S.A,Argentina,Buenos Aires F.D.,Buenos Aires,-34.6022,-58.3845,America/Argentina/Buenos_Aires,user
bancogalicia.com.ar,smsgaliciamovil.bancogalicia.com.ar,161.190.1.131,AS13474 Banco de Galicia y Buenos Aires,Banco de Galicia y Buenos Aires,Banco de Galicia y Buenos Aires S.A,Argentina,Buenos Aires F.D.,Buenos Aires,-34.6022,-58.3845,America/Argentina/Buenos_Aires,user
bancogalicia.com.ar,portalinversiones.bancogalicia.com.ar,161.190.1.101,AS13474 Banco de Galicia y Buenos Aires,Banco de Galicia y Buenos Aires,Banco de Galicia y Buenos Aires S.A,Argentina,Buenos Aires F.D.,Buenos Aires,-34.6022,-58.3845,America/Argentina/Buenos_Aires,user
bancogalicia.com.ar,relay.bancogalicia.com.ar,161.190.1.5,AS13474 Banco de Galicia y Buenos Aires,Banco de Galicia y Buenos Aires,Banco de Galicia y Buenos Aires S.A,Argentina,Buenos Aires F.D.,Buenos Aires,-34.6022,-58.3845,America/Argentina/Buenos_Aires,user
bancogalicia.com.ar,bffcreditoempresas.bancogalicia.com.ar,161.190.20.5,AS13474 Banco de Galicia y Buenos Aires,Banco de Galicia y Buenos Aires,Banco de Galicia y Buenos Aires S.A,Argentina,Buenos Aires F.D.,Buenos Aires,-34.6022,-58.3845,America/Argentina/Buenos_Aires,user
bancogalicia.com.ar,empresadigital.bancogalicia.com.ar,161.190.1.100,AS13474 Banco de Galicia y Buenos Aires,Banco de Galicia y Buenos Aires,Banco de Galicia y Buenos Aires S.A,Argentina,Buenos Aires F.D.,Buenos Aires,-34.6022,-58.3845,America/Argentina/Buenos_Aires,user
bancogalicia.com.ar,cobranzas.bancogalicia.com.ar,186.189.235.77,AS16814 NSS S.A.,NSS S.A.,,Argentina,Buenos Aires F.D.,Buenos Aires,-34.6049,-58.4455,America/Argentina/Buenos_Aires,user
bancogalicia.com.ar,mimfa.bancogalicia.com.ar,161.190.1.41,AS13474 Banco de Galicia y Buenos Aires,Banco de Galicia y Buenos Aires,Banco de Galicia y Buenos Aires S.A,Argentina,Buenos Aires F.D.,Buenos Aires,-34.6022,-58.3845,America/Argentina/Buenos_Aires,user
bancogalicia.com.ar,wsect2.bancogalicia.com.ar,Null,Null,Null,Null,Null,Null,Null,Null,Null,Null,user
bancogalicia.com.ar,mailing01.bancogalicia.com.ar,161.190.1.8,AS13474 Banco de Galicia y Buenos Aires,Banco de Galicia y Buenos Aires,Banco de Galicia y Buenos Aires S.A,Argentina,Buenos Aires F.D.,Buenos Aires,-34.6022,-58.3845,America/Argentina/Buenos_Aires,user
bancogalicia.com.ar,inversiones.bancogalicia.com.ar,161.190.1.97,AS13474 Banco de Galicia y Buenos Aires,Banco de Galicia y Buenos Aires,Banco de Galicia y Buenos Aires S.A,Argentina,Buenos Aires F.D.,Buenos Aires,-34.6022,-58.3845,America/Argentina/Buenos_Aires,user
bancogalicia.com.ar,mailing04.bancogalicia.com.ar,161.190.1.77,AS13474 Banco de Galicia y Buenos Aires,Banco de Galicia y Buenos Aires,Banco de Galicia y Buenos Aires S.A,Argentina,Buenos Aires F.D.,Buenos Aires,-34.6022,-58.3845,America/Argentina/Buenos_Aires,user
bancogalicia.com.ar,dynamicsn.bancogalicia.com.ar,161.190.1.91,AS13474 Banco de Galicia y Buenos Aires,Banco de Galicia y Buenos Aires,Banco de Galicia y Buenos Aires S.A,Argentina,Buenos Aires F.D.,Buenos Aires,-34.6022,-58.3845,America/Argentina/Buenos_Aires,user
bancogalicia.com.ar,avcorpxger.bancogalicia.com.ar,161.190.1.31,AS13474 Banco de Galicia y Buenos Aires,Banco de Galicia y Buenos Aires,Banco de Galicia y Buenos Aires S.A,Argentina,Buenos Aires F.D.,Buenos Aires,-34.6022,-58.3845,America/Argentina/Buenos_Aires,user
bancogalicia.com.ar,enroll.bancogalicia.com.ar,161.190.1.209,AS13474 Banco de Galicia y Buenos Aires,Banco de Galicia y Buenos Aires,Banco de Galicia y Buenos Aires S.A,Argentina,Buenos Aires F.D.,Buenos Aires,-34.6022,-58.3845,America/Argentina/Buenos_Aires,user
bancogalicia.com.ar,apiint.bancogalicia.com.ar,161.190.1.125,AS13474 Banco de Galicia y Buenos Aires,Banco de Galicia y Buenos Aires,Banco de Galicia y Buenos Aires S.A,Argentina,Buenos Aires F.D.,Buenos Aires,-34.6022,-58.3845,America/Argentina/Buenos_Aires,user
bancogalicia.com.ar,galmov.bancogalicia.com.ar,Null,Null,Null,Null,Null,Null,Null,Null,Null,Null,user
bancogalicia.com.ar,phuva.bancogalicia.com.ar,161.190.1.68,AS13474 Banco de Galicia y Buenos Aires,Banco de Galicia y Buenos Aires,Banco de Galicia y Buenos Aires S.A,Argentina,Buenos Aires F.D.,Buenos Aires,-34.6022,-58.3845,America/Argentina/Buenos_Aires,user
bancogalicia.com.ar,bounce.mkt.bancogalicia.com.ar,74.121.50.9,"AS19795 Acoustic, L.P.","Acoustic, L.P.","Acoustic, L.P",United States,Oklahoma,Ardmore,34.1743,-97.1436,America/Chicago,user
bancogalicia.com.ar,wificmxpresence.bancogalicia.com.ar,Null,Null,Null,Null,Null,Null,Null,Null,Null,Null,user
bancogalicia.com.ar,links.mkt2.bancogalicia.com.ar,74.121.50.4,"AS19795 Acoustic, L.P.","Acoustic, L.P.","Acoustic, L.P",United States,Oklahoma,Ardmore,34.1743,-97.1436,America/Chicago,user
bancogalicia.com.ar,wsgw.bancogalicia.com.ar,161.190.1.123,AS13474 Banco de Galicia y Buenos Aires,Banco de Galicia y Buenos Aires,Banco de Galicia y Buenos Aires S.A,Argentina,Buenos Aires F.D.,Buenos Aires,-34.6022,-58.3845,America/Argentina/Buenos_Aires,user
bancogalicia.com.ar,tmnda1er.bancogalicia.com.ar,161.190.1.88,AS13474 Banco de Galicia y Buenos Aires,Banco de Galicia y Buenos Aires,Banco de Galicia y Buenos Aires S.A,Argentina,Buenos Aires F.D.,Buenos Aires,-34.6022,-58.3845,America/Argentina/Buenos_Aires,user
bancogalicia.com.ar,www.mkt.bancogalicia.com.ar,161.190.1.4,AS13474 Banco de Galicia y Buenos Aires,Banco de Galicia y Buenos Aires,Banco de Galicia y Buenos Aires S.A,Argentina,Buenos Aires F.D.,Buenos Aires,-34.6022,-58.3845,America/Argentina/Buenos_Aires,user
bancogalicia.com.ar,ingreso.bancogalicia.com.ar,161.190.1.40,AS13474 Banco de Galicia y Buenos Aires,Banco de Galicia y Buenos Aires,Banco de Galicia y Buenos Aires S.A,Argentina,Buenos Aires F.D.,Buenos Aires,-34.6022,-58.3845,America/Argentina/Buenos_Aires,user
bancogalicia.com.ar,mistickets.bancogalicia.com.ar,161.190.1.84,AS13474 Banco de Galicia y Buenos Aires,Banco de Galicia y Buenos Aires,Banco de Galicia y Buenos Aires S.A,Argentina,Buenos Aires F.D.,Buenos Aires,-34.6022,-58.3845,America/Argentina/Buenos_Aires,user
bancogalicia.com.ar,workmail.bancogalicia.com.ar,Null,Null,Null,Null,Null,Null,Null,Null,Null,Null,user
bancogalicia.com.ar,ayuda.bancogalicia.com.ar,161.190.20.1,AS13474 Banco de Galicia y Buenos Aires,Banco de Galicia y Buenos Aires,Banco de Galicia y Buenos Aires S.A,Argentina,Buenos Aires F.D.,Buenos Aires,-34.6022,-58.3845,America/Argentina/Buenos_Aires,user
bancogalicia.com.ar,static.bancogalicia.com.ar,161.190.20.6,AS13474 Banco de Galicia y Buenos Aires,Banco de Galicia y Buenos Aires,Banco de Galicia y Buenos Aires S.A,Argentina,Buenos Aires F.D.,Buenos Aires,-34.6022,-58.3845,America/Argentina/Buenos_Aires,user
bancogalicia.com.ar,rural.bancogalicia.com.ar,161.190.20.9,AS13474 Banco de Galicia y Buenos Aires,Banco de Galicia y Buenos Aires,Banco de Galicia y Buenos Aires S.A,Argentina,Buenos Aires F.D.,Buenos Aires,-34.6022,-58.3845,America/Argentina/Buenos_Aires,user
bancogalicia.com.ar,cmgbg.bancogalicia.com.ar,52.252.108.198,AS8075 Microsoft Corporation,Microsoft Corporation,Microsoft Azure Cloud (eastus2),United States,Virginia,Ashburn,39.0438,-77.4874,America/New_York,user
bancogalicia.com.ar,creditoempresas.bancogalicia.com.ar,Null,Null,Null,Null,Null,Null,Null,Null,Null,Null,user
bancogalicia.com.ar,sacatuprestamo.bancogalicia.com.ar,161.190.1.38,AS13474 Banco de Galicia y Buenos Aires,Banco de Galicia y Buenos Aires,Banco de Galicia y Buenos Aires S.A,Argentina,Buenos Aires F.D.,Buenos Aires,-34.6022,-58.3845,America/Argentina/Buenos_Aires,user
bancogalicia.com.ar,apps.bancogalicia.com.ar,161.190.1.4,AS13474 Banco de Galicia y Buenos Aires,Banco de Galicia y Buenos Aires,Banco de Galicia y Buenos Aires S.A,Argentina,Buenos Aires F.D.,Buenos Aires,-34.6022,-58.3845,America/Argentina/Buenos_Aires,user
bancogalicia.com.ar,tcmobile.bancogalicia.com.ar,162.248.54.132,"AS27640 GIGAS HOSTING USA, LLC","GIGAS HOSTING USA, LLC","GIGAS HOSTING USA, LLC",United States,Florida,Miami,25.7739,-80.1886,America/New_York,user
bancogalicia.com.ar,lyncdiscover.bancogalicia.com.ar,52.112.64.14,AS8075 Microsoft Corporation,Microsoft Corporation,Microsoft Corporation,United States,Virginia,Washington,38.7095,-78.1539,America/New_York,user
bancogalicia.com.ar,wsec01.bancogalicia.com.ar,161.190.1.6,AS13474 Banco de Galicia y Buenos Aires,Banco de Galicia y Buenos Aires,Banco de Galicia y Buenos Aires S.A,Argentina,Buenos Aires F.D.,Buenos Aires,-34.6022,-58.3845,America/Argentina/Buenos_Aires,user
bancogalicia.com.ar,galiciawebservices.bancogalicia.com.ar,161.190.1.134,AS13474 Banco de Galicia y Buenos Aires,Banco de Galicia y Buenos Aires,Banco de Galicia y Buenos Aires S.A,Argentina,Buenos Aires F.D.,Buenos Aires,-34.6022,-58.3845,America/Argentina/Buenos_Aires,user
bancogalicia.com.ar,hgalf5.bancogalicia.com.ar,161.190.20.7,AS13474 Banco de Galicia y Buenos Aires,Banco de Galicia y Buenos Aires,Banco de Galicia y Buenos Aires S.A,Argentina,Buenos Aires F.D.,Buenos Aires,-34.6022,-58.3845,America/Argentina/Buenos_Aires,user
bancogalicia.com.ar,hmngal.bancogalicia.com.ar,161.190.1.110,AS13474 Banco de Galicia y Buenos Aires,Banco de Galicia y Buenos Aires,Banco de Galicia y Buenos Aires S.A,Argentina,Buenos Aires F.D.,Buenos Aires,-34.6022,-58.3845,America/Argentina/Buenos_Aires,user
bancogalicia.com.ar,byod.bancogalicia.com.ar,161.190.1.142,AS13474 Banco de Galicia y Buenos Aires,Banco de Galicia y Buenos Aires,Banco de Galicia y Buenos Aires S.A,Argentina,Buenos Aires F.D.,Buenos Aires,-34.6022,-58.3845,America/Argentina/Buenos_Aires,user
bancogalicia.com.ar,mipuesto.bancogalicia.com.ar,161.190.1.211,AS13474 Banco de Galicia y Buenos Aires,Banco de Galicia y Buenos Aires,Banco de Galicia y Buenos Aires S.A,Argentina,Buenos Aires F.D.,Buenos Aires,-34.6022,-58.3845,America/Argentina/Buenos_Aires,user
bancogalicia.com.ar,aribad.bancogalicia.com.ar,161.190.1.44,AS13474 Banco de Galicia y Buenos Aires,Banco de Galicia y Buenos Aires,Banco de Galicia y Buenos Aires S.A,Argentina,Buenos Aires F.D.,Buenos Aires,-34.6022,-58.3845,America/Argentina/Buenos_Aires,user
bancogalicia.com.ar,bgapps.bancogalicia.com.ar,161.190.2.11,AS13474 Banco de Galicia y Buenos Aires,Banco de Galicia y Buenos Aires,Banco de Galicia y Buenos Aires S.A,Argentina,Buenos Aires F.D.,Buenos Aires,-34.6022,-58.3845,America/Argentina/Buenos_Aires,user
bancogalicia.com.ar,fems01.bancogalicia.com.ar,161.190.1.94,AS13474 Banco de Galicia y Buenos Aires,Banco de Galicia y Buenos Aires,Banco de Galicia y Buenos Aires S.A,Argentina,Buenos Aires F.D.,Buenos Aires,-34.6022,-58.3845,America/Argentina/Buenos_Aires,user
bancogalicia.com.ar,apimanager.bancogalicia.com.ar,161.190.1.89,AS13474 Banco de Galicia y Buenos Aires,Banco de Galicia y Buenos Aires,Banco de Galicia y Buenos Aires S.A,Argentina,Buenos Aires F.D.,Buenos Aires,-34.6022,-58.3845,America/Argentina/Buenos_Aires,user
bancogalicia.com.ar,chat.bancogalicia.com.ar,Null,Null,Null,Null,Null,Null,Null,Null,Null,Null,user
bancogalicia.com.ar,cuentas.bancogalicia.com.ar,161.190.1.97,AS13474 Banco de Galicia y Buenos Aires,Banco de Galicia y Buenos Aires,Banco de Galicia y Buenos Aires S.A,Argentina,Buenos Aires F.D.,Buenos Aires,-34.6022,-58.3845,America/Argentina/Buenos_Aires,user
bancogalicia.com.ar,devcom.bancogalicia.com.ar,161.190.1.112,AS13474 Banco de Galicia y Buenos Aires,Banco de Galicia y Buenos Aires,Banco de Galicia y Buenos Aires S.A,Argentina,Buenos Aires F.D.,Buenos Aires,-34.6022,-58.3845,America/Argentina/Buenos_Aires,user
bancogalicia.com.ar,hacetegalicia.bancogalicia.com.ar,161.190.20.10,AS13474 Banco de Galicia y Buenos Aires,Banco de Galicia y Buenos Aires,Banco de Galicia y Buenos Aires S.A,Argentina,Buenos Aires F.D.,Buenos Aires,-34.6022,-58.3845,America/Argentina/Buenos_Aires,user
bancogalicia.com.ar,acceso.bancogalicia.com.ar,13.107.213.33,AS8068 Microsoft Corporation,Microsoft Corporation,Microsoft Corporation,United States,New York,New York,40.7128,-74.006,America/New_York,user
bancogalicia.com.ar,reply.mkt2.bancogalicia.com.ar,74.121.50.9,"AS19795 Acoustic, L.P.","Acoustic, L.P.","Acoustic, L.P",United States,Oklahoma,Ardmore,34.1743,-97.1436,America/Chicago,user
bancogalicia.com.ar,provbg.bancogalicia.com.ar,161.190.1.206,AS13474 Banco de Galicia y Buenos Aires,Banco de Galicia y Buenos Aires,Banco de Galicia y Buenos Aires S.A,Argentina,Buenos Aires F.D.,Buenos Aires,-34.6022,-58.3845,America/Argentina/Buenos_Aires,user
bancogalicia.com.ar,www.bancogalicia.com.ar,161.190.1.4,AS13474 Banco de Galicia y Buenos Aires,Banco de Galicia y Buenos Aires,Banco de Galicia y Buenos Aires S.A,Argentina,Buenos Aires F.D.,Buenos Aires,-34.6022,-58.3845,America/Argentina/Buenos_Aires,user
bancogalicia.com.ar,comex.bancogalicia.com.ar,161.190.1.180,AS13474 Banco de Galicia y Buenos Aires,Banco de Galicia y Buenos Aires,Banco de Galicia y Buenos Aires S.A,Argentina,Buenos Aires F.D.,Buenos Aires,-34.6022,-58.3845,America/Argentina/Buenos_Aires,user
bancogalicia.com.ar,msj.bancogalicia.com.ar,161.190.1.4,AS13474 Banco de Galicia y Buenos Aires,Banco de Galicia y Buenos Aires,Banco de Galicia y Buenos Aires S.A,Argentina,Buenos Aires F.D.,Buenos Aires,-34.6022,-58.3845,America/Argentina/Buenos_Aires,user
bancogalicia.com.ar,research.bancogalicia.com.ar,161.190.20.14,AS13474 Banco de Galicia y Buenos Aires,Banco de Galicia y Buenos Aires,Banco de Galicia y Buenos Aires S.A,Argentina,Buenos Aires F.D.,Buenos Aires,-34.6022,-58.3845,America/Argentina/Buenos_Aires,user
bancogalicia.com.ar,wsec04.bancogalicia.com.ar,Null,Null,Null,Null,Null,Null,Null,Null,Null,Null,user
bancogalicia.com.ar,interbgba.bancogalicia.com.ar,161.190.1.7,AS13474 Banco de Galicia y Buenos Aires,Banco de Galicia y Buenos Aires,Banco de Galicia y Buenos Aires S.A,Argentina,Buenos Aires F.D.,Buenos Aires,-34.6022,-58.3845,America/Argentina/Buenos_Aires,user
bancogalicia.com.ar,ocb.bancogalicia.com.ar,Null,Null,Null,Null,Null,Null,Null,Null,Null,Null,user
bancogalicia.com.ar,prestamos.bancogalicia.com.ar,161.190.1.97,AS13474 Banco de Galicia y Buenos Aires,Banco de Galicia y Buenos Aires,Banco de Galicia y Buenos Aires S.A,Argentina,Buenos Aires F.D.,Buenos Aires,-34.6022,-58.3845,America/Argentina/Buenos_Aires,user
bancogalicia.com.ar,gabf5.bancogalicia.com.ar,161.190.20.12,AS13474 Banco de Galicia y Buenos Aires,Banco de Galicia y Buenos Aires,Banco de Galicia y Buenos Aires S.A,Argentina,Buenos Aires F.D.,Buenos Aires,-34.6022,-58.3845,America/Argentina/Buenos_Aires,user
bancogalicia.com.ar,dynamics.bancogalicia.com.ar,161.190.1.36,AS13474 Banco de Galicia y Buenos Aires,Banco de Galicia y Buenos Aires,Banco de Galicia y Buenos Aires S.A,Argentina,Buenos Aires F.D.,Buenos Aires,-34.6022,-58.3845,America/Argentina/Buenos_Aires,user
bancogalicia.com.ar,yprm-paquetes-b2b.api.bancogalicia.com.ar,161.190.1.89,AS13474 Banco de Galicia y Buenos Aires,Banco de Galicia y Buenos Aires,Banco de Galicia y Buenos Aires S.A,Argentina,Buenos Aires F.D.,Buenos Aires,-34.6022,-58.3845,America/Argentina/Buenos_Aires,user
bancogalicia.com.ar,mail.bancogalicia.com.ar,161.190.1.5,AS13474 Banco de Galicia y Buenos Aires,Banco de Galicia y Buenos Aires,Banco de Galicia y Buenos Aires S.A,Argentina,Buenos Aires F.D.,Buenos Aires,-34.6022,-58.3845,America/Argentina/Buenos_Aires,user
bancogalicia.com.ar,apicloud.bancogalicia.com.ar,161.190.1.86,AS13474 Banco de Galicia y Buenos Aires,Banco de Galicia y Buenos Aires,Banco de Galicia y Buenos Aires S.A,Argentina,Buenos Aires F.D.,Buenos Aires,-34.6022,-58.3845,America/Argentina/Buenos_Aires,user
bancogalicia.com.ar,wsec02.bancogalicia.com.ar,Null,Null,Null,Null,Null,Null,Null,Null,Null,Null,user
bancogalicia.com.ar,bounce.msj.bancogalicia.com.ar,74.121.50.9,"AS19795 Acoustic, L.P.","Acoustic, L.P.","Acoustic, L.P",United States,Oklahoma,Ardmore,34.1743,-97.1436,America/Chicago,user
bancogalicia.com.ar,pagosyrecargas.bancogalicia.com.ar,161.190.1.97,AS13474 Banco de Galicia y Buenos Aires,Banco de Galicia y Buenos Aires,Banco de Galicia y Buenos Aires S.A,Argentina,Buenos Aires F.D.,Buenos Aires,-34.6022,-58.3845,America/Argentina/Buenos_Aires,user
bancogalicia.com.ar,wsec06.bancogalicia.com.ar,161.190.1.33,AS13474 Banco de Galicia y Buenos Aires,Banco de Galicia y Buenos Aires,Banco de Galicia y Buenos Aires S.A,Argentina,Buenos Aires F.D.,Buenos Aires,-34.6022,-58.3845,America/Argentina/Buenos_Aires,user
bancogalicia.com.ar,galtmp.bancogalicia.com.ar,Null,Null,Null,Null,Null,Null,Null,Null,Null,Null,user
bancogalicia.com,enterpriseenrollment.bancogalicia.com,13.89.175.192,AS8075 Microsoft Corporation,Microsoft Corporation,Microsoft Azure Cloud (centralus),United States,Iowa,Des Moines,41.5908,-93.6208,America/Chicago,user
bancogalicia.com,wsec02.bancogalicia.com,161.190.1.12,AS13474 Banco de Galicia y Buenos Aires,Banco de Galicia y Buenos Aires,Banco de Galicia y Buenos Aires S.A,Argentina,Buenos Aires F.D.,Buenos Aires,-34.6022,-58.3845,America/Argentina/Buenos_Aires,user
bancogalicia.com,localhost.bancogalicia.com,127.0.0.1,Null,Null,Null,Null,Null,Null,Null,Null,Null,user
bancogalicia.com,apps.bancogalicia.com,161.190.1.65,AS13474 Banco de Galicia y Buenos Aires,Banco de Galicia y Buenos Aires,Banco de Galicia y Buenos Aires S.A,Argentina,Buenos Aires F.D.,Buenos Aires,-34.6022,-58.3845,America/Argentina/Buenos_Aires,user
bancogalicia.com,chat.bancogalicia.com,Null,Null,Null,Null,Null,Null,Null,Null,Null,Null,user
galicia.ar,t.t.galicia.ar,104.208.217.236,AS8075 Microsoft Corporation,Microsoft Corporation,Microsoft Azure Cloud (eastus2),United States,Virginia,Ashburn,39.0438,-77.4874,America/New_York,user
galicia.ar,www.mkt.galicia.ar,13.58.148.83,"AS16509 Amazon.com, Inc.","Amazon.com, Inc.",AWS EC2 (us-east-2),United States,Ohio,Dublin,40.0992,-83.1141,America/New_York,user
galicia.ar,r166.email.galicia.ar,130.248.180.166,AS15224 Adobe Inc.,Adobe Inc.,Adobe Systems Inc,United States,California,San Jose,37.3303,-121.894,America/Los_Angeles,user
galicia.ar,r172.email.galicia.ar,130.248.180.172,AS15224 Adobe Inc.,Adobe Inc.,Adobe Systems Inc,United States,California,San Jose,37.3303,-121.894,America/Los_Angeles,user
galicia.ar,r163.email.galicia.ar,130.248.180.163,AS15224 Adobe Inc.,Adobe Inc.,Adobe Systems Inc,United States,California,San Jose,37.3303,-121.894,America/Los_Angeles,user
galicia.ar,r175.t.galicia.ar,130.248.180.175,AS15224 Adobe Inc.,Adobe Inc.,Adobe Systems Inc,United States,California,San Jose,37.3303,-121.894,America/Los_Angeles,user
galicia.ar,www.galicia.ar,161.190.1.4,AS13474 Banco de Galicia y Buenos Aires,Banco de Galicia y Buenos Aires,Banco de Galicia y Buenos Aires S.A,Argentina,Buenos Aires F.D.,Buenos Aires,-34.6022,-58.3845,America/Argentina/Buenos_Aires,user
galicia.ar,r171.email.galicia.ar,130.248.180.171,AS15224 Adobe Inc.,Adobe Inc.,Adobe Systems Inc,United States,California,San Jose,37.3303,-121.894,America/Los_Angeles,user
galicia.ar,r168.email.galicia.ar,130.248.180.168,AS15224 Adobe Inc.,Adobe Inc.,Adobe Systems Inc,United States,California,San Jose,37.3303,-121.894,America/Los_Angeles,user
galicia.ar,r175.email.galicia.ar,130.248.180.175,AS15224 Adobe Inc.,Adobe Inc.,Adobe Systems Inc,United States,California,San Jose,37.3303,-121.894,America/Los_Angeles,user
galicia.ar,r173.email.galicia.ar,130.248.180.173,AS15224 Adobe Inc.,Adobe Inc.,Adobe Systems Inc,United States,California,San Jose,37.3303,-121.894,America/Los_Angeles,user
galicia.ar,r174.t.galicia.ar,130.248.180.174,AS15224 Adobe Inc.,Adobe Inc.,Adobe Systems Inc,United States,California,San Jose,37.3303,-121.894,America/Los_Angeles,user
galicia.ar,t.galicia.ar,192.243.228.1,AS15224 Adobe Inc.,Adobe Inc.,Adobe Inc,Andorra,Andorra la Vella,Andorra la Vella,42.5063,1.52184,Europe/Andorra,user
galicia.ar,r169.email.galicia.ar,130.248.180.169,AS15224 Adobe Inc.,Adobe Inc.,Adobe Systems Inc,United States,California,San Jose,37.3303,-121.894,America/Los_Angeles,user
galicia.ar,mail.mkt.galicia.ar,200.58.110.87,AS27823 Dattatec.com,Dattatec.com,Dattatec.com,Argentina,Santa Fe,Rosario,-32.954,-60.6634,America/Argentina/Cordoba,user
galicia.ar,m.email.galicia.ar,104.208.217.236,AS8075 Microsoft Corporation,Microsoft Corporation,Microsoft Azure Cloud (eastus2),United States,Virginia,Ashburn,39.0438,-77.4874,America/New_York,user
galicia.ar,r174.email.galicia.ar,130.248.180.174,AS15224 Adobe Inc.,Adobe Inc.,Adobe Systems Inc,United States,California,San Jose,37.3303,-121.894,America/Los_Angeles,user
galicia.ar,mkt.galicia.ar,13.58.148.83,"AS16509 Amazon.com, Inc.","Amazon.com, Inc.",AWS EC2 (us-east-2),United States,Ohio,Dublin,40.0992,-83.1141,America/New_York,user
galicia.ar,t.email.galicia.ar,104.208.217.236,AS8075 Microsoft Corporation,Microsoft Corporation,Microsoft Azure Cloud (eastus2),United States,Virginia,Ashburn,39.0438,-77.4874,America/New_York,user
galicia.ar,r162.email.galicia.ar,130.248.180.162,AS15224 Adobe Inc.,Adobe Inc.,Adobe Systems Inc,United States,California,San Jose,37.3303,-121.894,America/Los_Angeles,user
galicia.ar,r167.email.galicia.ar,130.248.180.167,AS15224 Adobe Inc.,Adobe Inc.,Adobe Systems Inc,United States,California,San Jose,37.3303,-121.894,America/Los_Angeles,user
galicia.ar,email.galicia.ar,192.243.228.1,AS15224 Adobe Inc.,Adobe Inc.,Adobe Inc,Andorra,Andorra la Vella,Andorra la Vella,42.5063,1.52184,Europe/Andorra,user
galicia.ar,r161.email.galicia.ar,130.248.180.161,AS15224 Adobe Inc.,Adobe Inc.,Adobe Systems Inc,United States,California,San Jose,37.3303,-121.894,America/Los_Angeles,user
galicia.ar,r170.email.galicia.ar,130.248.180.170,AS15224 Adobe Inc.,Adobe Inc.,Adobe Systems Inc,United States,California,San Jose,37.3303,-121.894,America/Los_Angeles,user
galicia.ar,r160.email.galicia.ar,130.248.180.160,AS15224 Adobe Inc.,Adobe Inc.,Adobe Systems Inc,United States,California,San Jose,37.3303,-121.894,America/Los_Angeles,user
galicia.ar,relay.galicia.ar,161.190.1.5,AS13474 Banco de Galicia y Buenos Aires,Banco de Galicia y Buenos Aires,Banco de Galicia y Buenos Aires S.A,Argentina,Buenos Aires F.D.,Buenos Aires,-34.6022,-58.3845,America/Argentina/Buenos_Aires,user
galicia.com.ar,empleos.galicia.com.ar,157.133.241.175,AS266600 SAP BRASIL LTDA.,Sybase,SAP Brazil,Brazil,Sao Paulo,Taboao da Serra,-23.622,-46.7012,America/Sao_Paulo,user
galicia.com.ar,relay.galicia.com.ar,161.190.1.5,AS13474 Banco de Galicia y Buenos Aires,Banco de Galicia y Buenos Aires,Banco de Galicia y Buenos Aires S.A,Argentina,Buenos Aires F.D.,Buenos Aires,-34.6022,-58.3845,America/Argentina/Buenos_Aires,user
galicia.com.ar,miorbitag.galicia.com.ar,161.190.1.114,AS13474 Banco de Galicia y Buenos Aires,Banco de Galicia y Buenos Aires,Banco de Galicia y Buenos Aires S.A,Argentina,Buenos Aires F.D.,Buenos Aires,-34.6022,-58.3845,America/Argentina/Buenos_Aires,user
galicia.com.ar,invitarcontacto.galicia.com.ar,161.190.1.119,AS13474 Banco de Galicia y Buenos Aires,Banco de Galicia y Buenos Aires,Banco de Galicia y Buenos Aires S.A,Argentina,Buenos Aires F.D.,Buenos Aires,-34.6022,-58.3845,America/Argentina/Buenos_Aires,user
galicia.com.ar,localhost.galicia.com.ar,127.0.0.1,Null,Null,Null,Null,Null,Null,Null,Null,Null,user
galicia.com.ar,mail.galicia.com.ar,161.190.1.5,AS13474 Banco de Galicia y Buenos Aires,Banco de Galicia y Buenos Aires,Banco de Galicia y Buenos Aires S.A,Argentina,Buenos Aires F.D.,Buenos Aires,-34.6022,-58.3845,America/Argentina/Buenos_Aires,user
galicia.com.ar,news.galicia.com.ar,161.190.1.5,AS13474 Banco de Galicia y Buenos Aires,Banco de Galicia y Buenos Aires,Banco de Galicia y Buenos Aires S.A,Argentina,Buenos Aires F.D.,Buenos Aires,-34.6022,-58.3845,America/Argentina/Buenos_Aires,user
galicia.com.ar,mi.galicia.com.ar,161.190.1.4,AS13474 Banco de Galicia y Buenos Aires,Banco de Galicia y Buenos Aires,Banco de Galicia y Buenos Aires S.A,Argentina,Buenos Aires F.D.,Buenos Aires,-34.6022,-58.3845,America/Argentina/Buenos_Aires,user
galicia.com.ar,pedirdinero.galicia.com.ar,161.190.1.71,AS13474 Banco de Galicia y Buenos Aires,Banco de Galicia y Buenos Aires,Banco de Galicia y Buenos Aires S.A,Argentina,Buenos Aires F.D.,Buenos Aires,-34.6022,-58.3845,America/Argentina/Buenos_Aires,user
galicia.com.ar,www.galicia.com.ar,161.190.1.4,AS13474 Banco de Galicia y Buenos Aires,Banco de Galicia y Buenos Aires,Banco de Galicia y Buenos Aires S.A,Argentina,Buenos Aires F.D.,Buenos Aires,-34.6022,-58.3845,America/Argentina/Buenos_Aires,user
galicia.com.ar,inet.galicia.com.ar,161.190.1.254,AS13474 Banco de Galicia y Buenos Aires,Banco de Galicia y Buenos Aires,Banco de Galicia y Buenos Aires S.A,Argentina,Buenos Aires F.D.,Buenos Aires,-34.6022,-58.3845,America/Argentina/Buenos_Aires,user
galicia.com.ar,apps.galicia.com.ar,161.190.1.65,AS13474 Banco de Galicia y Buenos Aires,Banco de Galicia y Buenos Aires,Banco de Galicia y Buenos Aires S.A,Argentina,Buenos Aires F.D.,Buenos Aires,-34.6022,-58.3845,America/Argentina/Buenos_Aires,user
galicia.com.ar,wsec06.galicia.com.ar,161.190.1.33,AS13474 Banco de Galicia y Buenos Aires,Banco de Galicia y Buenos Aires,Banco de Galicia y Buenos Aires S.A,Argentina,Buenos Aires F.D.,Buenos Aires,-34.6022,-58.3845,America/Argentina/Buenos_Aires,user
